customer_id,city,gender,age
customer1,Malard,women,19.0
customer610,Robatkarim,men,35.0
customer225,Fardis,women,21.0
customer500,Tehran,women,40.0
customer407,Karaj,women,38.0
customer4,Malard,women,25.0
customer472,Tehran,women,31.0
customer121,Malard,women,36.0
customer5,Malard,women,21.0
customer499,Tehran,women,41.0
customer263,Fardis,women,30.0
customer6,Malard,women,23.0
customer8,Malard,women,25.0
customer9,,men,18.0
customer305,Fardis,women,45.0
customer532,Tehran,women,20.0
customer10,Malard,women,22.0
customer520,Tehran,women,56.0
customer609,Ahmadabadmostofi,women,37.0
customer262,Fardis,women,29.0
customer108,Malard,women,42.0
customer273,Fardis,men,27.0
customer11,Malard,women,20.0
customer332,Fardis,women,49.0
customer430,Karaj,men,42.0
customer36,Malard,men,30.0
customer475,Tehran,women,34.0
customer546,Tehran,men,46.0
customer508,Tehran,women,42.0
customer12,Malard,women,21.0
customer301,Fardis,women,39.0
customer523,Tehran,women,47.0
customer3,Malard,women,20.0
customer14,Malard,men,25.0
customer431,Karaj,men,41.0
customer15,Malard,women,24.0
customer246,Fardis,women,27.0
customer16,Malard,women,23.0
customer237,Fardis,women,32.0
customer17,Malard,men,25.0
customer372,Karaj,women,24.0
customer18,Malard,women,25.0
customer220,Fardis,women,24.0
customer357,Karaj,men,18.0
customer19,Malard,women,19.0
customer211,Fardis,women,22.0
customer20,Malard,women,20.0
customer521,Tehran,women,49.0
customer502,Tehran,women,38.0
customer441,Karaj,women,53.0
customer172,Malard,women,46.0
customer23,Malard,women,23.0
customer459,Tehran,women,22.0
customer506,Tehran,women,43.0
customer28,Malard,women,18.0
customer29,Malard,men,23.0
customer595,Shahryar,men,59.0
customer507,Tehran,women,40.0
customer65,Malard,women,26.0
customer32,Malard,men,27.0
customer266,Fardis,women,32.0
customer34,Malard,men,27.0
customer35,Malard,men,26.0
customer37,Malard,men,31.0
customer383,Karaj,women,29.0
customer38,Malard,men,33.0
customer39,Malard,men,35.0
customer374,Karaj,women,29.0
customer41,Malard,men,31.0
customer600,Andishe4,women,26.0
customer43,Malard,men,30.0
customer424,Karaj,women,39.0
customer44,Malard,men,31.0
customer545,Tehran,men,50.0
customer45,Malard,men,32.0
customer529,Tehran,men,21.0
customer256,Fardis,women,30.0
customer219,Fardis,women,24.0
customer46,Malard,men,34.0
customer309,Fardis,women,41.0
customer47,Malard,men,35.0
customer258,Fardis,women,29.0
customer48,Malard,men,34.0
customer22,Malard,men,22.0
customer206,Fardis,men,25.0
customer49,Malard,men,33.0
customer289,Fardis,men,40.0
customer50,Malard,women,32.0
customer51,Malard,women,31.0
customer311,Fardis,women,38.0
customer52,Malard,women,33.0
customer53,Malard,women,31.0
customer591,Mashhad,men,58.0
customer55,Malard,women,28.0
customer443,Karaj,women,56.0
customer56,Malard,women,29.0
customer328,Fardis,women,51.0
customer540,Tehran,women,49.0
customer58,Malard,women,30.0
customer59,Malard,women,28.0
customer363,Karaj,women,19.0
customer485,Tehran,women,32.0
customer66,Malard,women,35.0
customer27,Malard,men,19.0
customer498,Tehran,women,42.0
customer68,Malard,women,32.0
customer69,Malard,women,31.0
customer365,Karaj,women,21.0
customer70,Malard,women,30.0
customer73,Malard,women,33.0
customer382,Karaj,women,35.0
customer74,Malard,women,33.0
customer209,Fardis,women,24.0
customer76,Malard,women,31.0
customer255,Fardis,women,30.0
customer77,Malard,women,31.0
customer78,Malard,women,33.0
customer368,Karaj,women,22.0
customer79,Malard,women,29.0
customer208,Fardis,men,23.0
customer80,Malard,women,28.0
customer444,Karaj,women,55.0
customer84,Malard,women,27.0
customer465,Tehran,women,25.0
customer85,Malard,women,28.0
customer482,Tehran,women,26.0
customer86,Malard,women,29.0
customer87,Malard,women,33.0
customer462,Tehran,women,20.0
customer88,Malard,women,34.0
customer276,Fardis,men,31.0
customer89,Malard,women,31.0
customer91,Malard,women,35.0
customer538,Tehran,women,19.0
customer392,Karaj,women,31.0
customer433,Karaj,men,39.0
customer95,Malard,women,30.0
customer497,Tehran,women,43.0
customer488,Tehran,women,27.0
customer98,Malard,women,28.0
customer370,Karaj,women,25.0
customer99,Malard,women,27.0
customer542,Tehran,women,39.0
customer102,Malard,women,28.0
customer526,Tehran,women,60.0
customer104,Malard,women,45.0
customer105,Malard,women,43.0
customer299,Fardis,women,41.0
customer106,Malard,women,40.0
customer409,Karaj,women,41.0
customer107,Malard,women,41.0
customer111,Malard,women,36.0
customer607,Zanjan,women,33.0
customer395,Karaj,women,34.0
customer112,Malard,women,39.0
customer403,Karaj,men,28.0
customer113,Malard,women,30.0
customer241,Fardis,women,35.0
customer115,Malard,women,42.0
customer226,Fardis,women,26.0
customer117,Malard,women,44.0
customer118,Malard,women,43.0
customer586,Sarasiab,women,31.0
customer122,Malard,women,36.0
customer123,Malard,women,37.0
customer124,Sarasiab,women,15.0
customer125,Malard,women,39.0
customer126,Malard,women,40.0
customer537,Tehran,women,18.0
customer127,Malard,women,41.0
customer336,Fardis,women,53.0
customer131,Malard,women,45.0
customer133,Malard,women,38.0
customer483,Tehran,women,34.0
customer134,Malard,women,37.0
customer135,Malard,women,39.0
customer604,Eslamshahr,men,28.0
customer136,Malard,women,40.0
customer344,Fardis,women,52.0
customer138,Malard,women,42.0
customer345,Fardis,women,51.0
customer139,Malard,women,42.0
customer525,Tehran,women,61.0
customer140,Malard,women,44.0
customer141,Malard,women,43.0
customer582,Tabriz,women,18.0
customer143,Malard,men,45.0
customer144,Malard,men,45.0
customer599,Safadasht,women,33.0
customer145,Malard,men,44.0
customer146,Malard,men,45.0
customer147,Malard,men,41.0
customer425,Karaj,women,38.0
customer149,Malard,men,43.0
customer366,Karaj,women,23.0
customer150,Malard,men,40.0
customer152,Malard,men,39.0
customer410,Karaj,women,44.0
customer154,Malard,men,37.0
customer155,Malard,men,36.0
customer300,Fardis,women,40.0
customer156,Malard,men,36.0
customer159,Malard,men,45.0
customer283,Fardis,men,42.0
customer2,Malard,women,25.0
customer161,Malard,women,48.0
customer214,Fardis,women,20.0
customer162,Malard,women,49.0
customer163,Malard,women,50.0
customer217,Fardis,women,22.0
customer602,Andishe3,women,45.0
customer164,Malard,women,50.0
customer165,Malard,women,51.0
customer557,Neyshaboor,women,24.0
customer563,Rasht,women,19.0
customer333,Fardis,women,48.0
customer166,Malard,women,58.0
customer167,Malard,women,59.0
customer558,Andishe1,women,20.0
customer81,Malard,women,27.0
customer330,Fardis,women,53.0
customer169,Malard,women,52.0
customer551,Tehran,women,38.0
customer170,Malard,women,48.0
customer171,Malard,women,46.0
customer528,Tehran,men,19.0
customer173,Malard,women,47.0
customer342,Fardis,women,55.0
customer343,Fardis,women,54.0
customer176,Malard,women,50.0
customer177,Malard,women,51.0
customer179,Malard,women,53.0
customer180,Malard,women,55.0
customer181,,women,56.0
customer182,Malard,women,58.0
customer230,Fardis,women,30.0
customer183,Malard,women,56.0
customer287,Fardis,men,39.0
customer184,Malard,men,57.0
customer559,Zahedan,women,26.0
customer320,Fardis,women,39.0
customer186,Malard,men,51.0
customer239,Fardis,women,31.0
customer187,Malard,men,52.0
customer190,Malard,women,60.0
customer590,Safadasht,men,51.0
customer191,Malard,women,62.0
customer243,Fardis,women,29.0
customer192,Malard,women,61.0
customer419,Karaj,women,42.0
customer461,Tehran,women,20.0
customer194,Malard,men,65.0
customer196,Malard,women,62.0
customer347,Fardis,men,47.0
customer197,Malard,women,68.0
customer568,Hashtgerd,women,31.0
customer200,Malard,women,66.0
customer606,Andishe1,men,38.0
customer201,Malard,women,63.0
customer202,Malard,women,59.0
customer203,Fardis,men,18.0
customer204,Fardis,men,18.0
customer25,Malard,women,24.0
customer452,Karaj,men,65.0
customer207,Fardis,men,23.0
customer360,Karaj,men,23.0
customer337,Fardis,women,57.0
customer517,Tehran,women,52.0
customer210,Fardis,women,24.0
customer212,Sarasiab,women,21.0
customer213,Fardis,women,20.0
customer505,Tehran,women,41.0
customer215,Fardis,women,20.0
customer148,Malard,men,42.0
customer216,Fardis,women,23.0
customer414,Karaj,women,38.0
customer64,Malard,women,34.0
customer354,Fardis,women,65.0
customer509,Tehran,women,39.0
customer222,Fardis,women,23.0
customer223,Fardis,women,22.0
customer556,Orumieh,men,23.0
customer224,Fardis,women,22.0
customer227,Fardis,women,28.0
customer72,Malard,women,30.0
customer229,Fardis,women,26.0
customer454,Karaj,women,61.0
customer231,Fardis,women,30.0
customer100,Malard,women,26.0
customer233,Fardis,women,33.0
customer234,Fardis,women,33.0
customer571,Robatkarim,women,29.0
customer235,Fardis,women,34.0
customer238,Fardis,women,32.0
customer385,Karaj,women,26.0
customer240,Fardis,women,31.0
customer242,Fardis,women,30.0
customer92,Malard,women,34.0
customer244,Fardis,women,28.0
customer245,Fardis,women,28.0
customer21,Malard,women,18.0
customer247,Fardis,women,26.0
customer553,Tabriz,men,19.0
customer249,Fardis,women,35.0
customer552,Tehran,women,27.0
customer251,Fardis,women,31.0
customer109,Malard,women,38.0
customer252,Fardis,women,31.0
customer120,Malard,women,45.0
customer253,Fardis,women,32.0
customer587,Shahryar,women,34.0
customer254,Fardis,women,32.0
customer42,Malard,men,30.0
customer103,Malard,women,44.0
customer33,Malard,men,28.0
customer259,Fardis,women,28.0
customer264,Fardis,women,31.0
customer534,Tehran,women,22.0
customer388,Karaj,women,29.0
customer503,Tehran,women,39.0
customer267,Fardis,women,31.0
customer268,Fardis,women,30.0
customer82,Malard,women,29.0
customer270,Fardis,men,35.0
customer364,Karaj,women,20.0
customer271,Fardis,men,29.0
customer597,Andishe4,women,35.0
customer272,Fardis,men,26.0
customer274,Fardis,men,30.0
customer63,Malard,women,32.0
customer275,Fardis,men,30.0
customer67,Malard,women,33.0
customer278,Fardis,men,33.0
customer279,Fardis,men,35.0
customer418,Karaj,women,44.0
customer280,Fardis,men,44.0
customer281,Fardis,men,45.0
customer396,Karaj,men,34.0
customer282,Fardis,men,41.0
customer284,Fardis,men,36.0
customer160,Malard,women,48.0
customer522,Tehran,women,48.0
customer285,Fardis,men,37.0
customer286,Fardis,men,38.0
customer603,Eslamshahr,women,44.0
customer288,Fardis,men,39.0
customer290,Fardis,men,41.0
customer576,Andishe2,men,33.0
customer292,Fardis,men,38.0
customer486,Tehran,women,28.0
customer293,Fardis,women,36.0
customer294,Fardis,women,39.0
customer588,Andishe2,women,49.0
customer296,Fardis,women,45.0
customer547,Tehran,women,49.0
customer297,Fardis,women,43.0
customer188,Malard,men,50.0
customer298,Fardis,women,42.0
customer437,Karaj,men,48.0
customer304,Fardis,women,44.0
customer306,Fardis,women,36.0
customer589,Shiraz,women,48.0
customer307,Fardis,women,37.0
customer308,Fardis,women,39.0
customer428,Karaj,men,44.0
customer310,Fardis,women,42.0
customer493,Tehran,women,38.0
customer312,Fardis,women,36.0
customer314,Fardis,women,44.0
customer315,Sarasiab,women,42.0
customer316,Fardis,women,41.0
customer317,Fardis,women,39.0
customer450,Karaj,women,53.0
customer318,Fardis,women,37.0
customer490,Tehran,women,31.0
customer319,Fardis,women,38.0
customer321,Fardis,women,41.0
customer427,Karaj,women,45.0
customer322,Fardis,women,40.0
customer324,Fardis,women,45.0
customer562,Rasht,women,20.0
customer325,Fardis,women,48.0
customer101,Malard,women,29.0
customer327,Fardis,women,52.0
customer329,Fardis,women,50.0
customer515,Tehran,men,55.0
customer331,Fardis,women,46.0
customer334,Fardis,women,58.0
customer481,Tehran,women,26.0
customer335,Fardis,women,55.0
customer198,Malard,women,64.0
customer338,Fardis,women,59.0
customer339,Fardis,women,60.0
customer75,Malard,women,32.0
customer340,Fardis,women,53.0
customer341,Fardis,women,51.0
customer40,Malard,men,32.0
customer110,Malard,women,37.0
customer399,Karaj,men,29.0
customer346,Fardis,men,49.0
customer348,Fardis,men,52.0
customer349,Damavand,men,51.0
customer350,Fardis,men,48.0
customer351,Fardis,women,47.0
customer598,Zanjan,women,39.0
customer352,Fardis,women,59.0
customer353,Fardis,women,63.0
customer137,Malard,women,41.0
customer355,Fardis,women,60.0
customer356,Fardis,men,67.0
customer359,Karaj,men,22.0
customer158,Malard,men,38.0
customer361,Karaj,women,25.0
customer583,Esfahan,men,35.0
customer362,Karaj,women,25.0
customer369,Karaj,women,25.0
customer228,Fardis,women,29.0
customer371,Karaj,women,23.0
customer605,Andishe4,men,29.0
customer373,Karaj,women,26.0
customer527,Tehran,men,18.0
customer376,Karaj,women,32.0
customer377,,women,30.0
customer378,Karaj,women,31.0
customer379,Karaj,women,31.0
customer575,Ahmadabadmostofi,men,27.0
customer265,Fardis,women,33.0
customer380,Karaj,women,32.0
customer381,Karaj,women,33.0
customer573,Eshtehard,women,36.0
customer384,Karaj,women,27.0
customer548,Tehran,women,52.0
customer386,Karaj,women,28.0
customer260,Fardis,women,27.0
customer387,Karaj,women,26.0
customer97,Malard,women,29.0
customer114,Malard,women,30.0
customer390,Karaj,women,33.0
customer580,Sarasiab,women,50.0
customer391,Karaj,women,32.0
customer581,Andimeshk,women,19.0
customer393,Karaj,women,30.0
customer394,Karaj,women,35.0
customer579,Robatkarim,women,49.0
customer397,Karaj,men,32.0
customer261,Fardis,women,26.0
customer400,Karaj,men,28.0
customer592,Qazvin,women,55.0
customer401,Karaj,men,27.0
customer128,Malard,women,42.0
customer402,Karaj,men,26.0
customer565,Zanjan,women,28.0
customer406,Karaj,women,39.0
customer574,Eshtehard,women,25.0
customer408,Karaj,women,42.0
customer596,Andishe5,women,53.0
customer96,Malard,women,34.0
customer411,Karaj,women,43.0
customer412,Karaj,women,45.0
customer61,Malard,women,27.0
customer413,Karaj,women,39.0
customer479,Tehran,women,29.0
customer415,Karaj,women,37.0
customer608,Andishe5,women,31.0
customer416,Karaj,women,39.0
customer417,Karaj,women,40.0
customer24,Malard,women,25.0
customer420,Karaj,women,45.0
customer593,Andishe1,women,56.0
customer421,Karaj,women,46.0
customer561,Andishe1,women,21.0
customer422,Karaj,women,45.0
customer153,Malard,men,38.0
customer423,Karaj,women,49.0
customer567,Lomabad,women,30.0
customer429,Karaj,men,42.0
customer218,Fardis,women,25.0
customer432,Karaj,men,40.0
customer60,Malard,women,26.0
customer434,Karaj,men,38.0
customer7,Malard,women,21.0
customer295,Fardis,women,41.0
customer435,Karaj,men,44.0
customer436,Karaj,men,49.0
customer189,Malard,men,51.0
customer62,Malard,women,33.0
customer438,Karaj,women,50.0
customer439,Karaj,women,52.0
customer560,Zanjan,women,24.0
customer54,Malard,women,26.0
customer442,Karaj,women,57.0
customer601,Andishe3,women,28.0
customer277,Fardis,men,32.0
customer445,Karaj,women,54.0
customer564,Neyshaboor,men,15.0
customer458,Tehran,men,23.0
customer448,Karaj,women,53.0
customer577,Andishe1,men,42.0
customer449,Karaj,women,52.0
customer236,Fardis,women,35.0
customer451,Karaj,women,50.0
customer142,Malard,women,43.0
customer453,Karaj,women,64.0
customer157,Malard,men,37.0
customer455,Karaj,women,60.0
customer456,Tehran,women,18.0
customer232,Fardis,women,31.0
customer457,Tehran,men,24.0
customer460,Tehran,women,21.0
customer463,Tehran,women,23.0
customer569,Lomabad,women,34.0
customer464,Tehran,women,19.0
customer466,Tehran,men,29.0
customer584,Shahryar,men,33.0
customer467,Tehran,men,26.0
customer468,Tehran,men,29.0
customer578,Robatkarim,men,40.0
customer469,Tehran,men,28.0
customer447,Karaj,women,51.0
customer470,Tehran,men,27.0
customer471,Tehran,women,30.0
customer572,Safadasht,women,27.0
customer473,Tehran,women,33.0
customer90,Malard,women,35.0
customer474,Tehran,women,35.0
customer446,Karaj,women,52.0
customer476,Tehran,women,32.0
customer221,Fardis,women,23.0
customer477,Tehran,women,31.0
customer478,,women,33.0
customer480,Tehran,women,28.0
customer440,Karaj,women,55.0
customer484,Tehran,women,31.0
customer487,Tehran,women,35.0
customer291,Fardis,men,42.0
customer303,Fardis,women,42.0
customer489,Tehran,women,34.0
customer130,Malard,women,44.0
customer405,Karaj,women,36.0
customer491,Tehran,women,30.0
customer389,Karaj,women,28.0
customer492,Tehran,women,32.0
customer168,Malard,women,53.0
customer494,Tehran,women,37.0
customer116,Malard,women,41.0
customer495,Tehran,women,45.0
customer496,Tehran,women,43.0
customer555,Andishe,women,22.0
customer174,Malard,women,49.0
customer501,Tehran,women,42.0
customer195,Malard,women,61.0
customer358,Karaj,men,19.0
customer504,Tehran,women,44.0
customer193,Malard,men,68.0
customer83,Malard,women,27.0
customer510,Tehran,men,38.0
customer511,Tehran,men,36.0
customer570,Hashtgerd,women,38.0
customer512,Tehran,men,43.0
customer302,Fardis,women,39.0
customer513,Tehran,men,44.0
customer151,Malard,men,39.0
customer514,Tehran,men,49.0
customer404,Karaj,men,27.0
customer594,Qazvin,men,57.0
customer516,Tehran,men,53.0
customer398,Karaj,men,33.0
customer518,Tehran,women,54.0
customer585,Andishe2,women,32.0
customer519,Tehran,women,59.0
customer426,Karaj,women,40.0
customer93,Malard,women,32.0
customer524,Tehran,men,65.0
customer530,Tehran,women,25.0
customer175,Malard,women,50.0
customer367,Karaj,women,24.0
customer375,Karaj,women,33.0
customer531,Tehran,women,19.0
customer30,Malard,men,25.0
customer533,Tehran,women,23.0
customer323,Fardis,women,42.0
customer535,Tehran,women,24.0
customer178,Malard,women,52.0
customer554,Shahryar,women,25.0
customer539,Tehran,women,44.0
customer57,Malard,women,30.0
customer31,Malard,men,26.0
customer541,Tehran,women,56.0
customer205,Fardis,men,25.0
customer132,Malard,women,36.0
customer543,Tehran,men,38.0
customer119,Malard,women,45.0
customer129,Malard,women,43.0
customer544,Tehran,men,52.0
customer566,Hashtgerd,women,29.0
customer549,Tehran,women,51.0
customer71,Malard,women,33.0
customer269,Fardis,men,34.0
customer94,Malard,women,31.0
customer26,Malard,women,25.0
customer550,Tehran,women,50.0
